precision,recall,tn,fp,fn,tp,roc_auc,pr_auc,audio_index
0.0,0.0,76,0,32,0,0.578125,0.3781634191678243,0
0.0,0.0,75,1,32,0,0.5526315789473685,0.5166992133378939,1
0.0,0.0,76,0,32,0,0.5518092105263157,0.3166874985674602,2
0.0,0.0,75,1,32,0,0.4860197368421053,0.2815272288470676,3
0.0,0.0,74,2,32,0,0.7010690789473684,0.4302140385366339,4
0.0,0.0,76,0,32,0,0.26726973684210525,0.21031168458284732,5
0.0,0.0,74,2,32,0,0.46422697368421056,0.28422476033549693,6
1.0,0.125,76,0,28,4,0.26233552631578944,0.206809359584415,7
1.0,0.0625,76,0,30,2,0.09868421052631579,0.17748779069822052,8
1.0,0.0625,76,0,30,2,0.2956414473684211,0.23462576230208304,9
0.0,0.0,76,0,32,0,0.5575657894736842,0.3237879054350458,10
0.0,0.0,76,0,32,0,0.2837171052631579,0.2123762045586366,11
0.0,0.0,76,0,32,0,0.5949835526315789,0.34267785336408796,12
0.0,0.0,76,0,32,0,0.3770559210526316,0.24291094424368054,13
1.0,0.03125,76,0,31,1,0.48355263157894735,0.3073431375387677,14
0.0,0.0,74,2,32,0,0.6936677631578947,0.4355332424094204,15
1.0,0.09375,76,0,29,3,0.1800986842105263,0.18914126069911624,16
1.0,0.03125,76,0,31,1,0.3260690789473684,0.2230833775276589,17
0.5,0.0625,74,2,30,2,0.6241776315789473,0.49430571335028434,18
1.0,0.045454545454545456,51,0,21,1,0.12299465240641713,0.18647664725363688,19
0.0,0.0,75,1,32,0,0.5197368421052632,0.3342055395567192,20
0.0,0.0,50,0,22,0,0.4972727272727273,0.3659332020287791,21
0.0,0.0,76,0,32,0,0.514391447368421,0.3251795516799647,22
0.0,0.0,73,3,32,0,0.4346217105263158,0.25296307461455403,23
0.0,0.0,76,0,32,0,0.46011513157894735,0.29591475765259034,24
0.0,0.0,74,2,32,0,0.6986019736842105,0.4447168562873407,25
